direction,entry_px,entry_time,exit_px,exit_time,option_symbol,pnl_pct,pnl_usd,regime,score,signal_time,sl_hint,squeeze,tf_15m,tf_1h,tf_5m,ticker,trend_bonus,uvol,vix,vix_mult
PUT,0.85,2026-03-18 09:31:40,0.67,2026-03-18 09:37:06,NVDA260318P00180000,-21.2,-18.0,bear,14.4,2026-03-18 09:31:32,40.0,True,3.0,4.0,3.0,NVDA,,False,23.5,0.7
PUT,0.9,2026-03-19 10:10:44,0.7,2026-03-19 10:13:09,NVDA260320P00175000,-22.2,-20.0,bear,19.5,2026-03-19 10:10:36,25.0,True,9.0,9.0,7.0,NVDA,,False,25.8,0.5
PUT,0.8,2026-03-19 10:24:41,0.6,2026-03-19 10:51:48,NVDA260320P00175000,-25.0,-20.0,bear,17.6,2026-03-19 10:24:30,25.0,True,6.0,8.0,5.0,NVDA,,False,25.7,0.5
PUT,1.57,2026-03-19 11:05:40,2.22,2026-03-19 11:45:31,TSLA260320P00375000,41.4,65.0,bear,16.5,2026-03-19 11:05:33,25.0,True,3.0,8.0,5.0,TSLA,,False,25.6,0.5
PUT,0.34,2026-03-25 15:33:46,0.47,2026-03-25 15:37:41,AAPL260325P00252500,38.2,26.0,bear,14.4,2026-03-25 15:33:41,33.0,True,3.0,4.0,3.0,AAPL,,False,25.6,0.5
PUT,2.29,2026-03-26 11:17:30,3.45,2026-03-26 11:33:41,META260327P00550000,50.7,116.0,bear,15.5,2026-03-26 11:17:22,25.0,False,4.0,9.0,6.0,META,,True,26.7,0.5
PUT,0.9,2026-03-26 12:26:21,1.23,2026-03-26 12:32:50,QQQ260326P00578000,36.7,33.0,bear,14.6,2026-03-26 12:26:12,28.0,True,3.0,5.0,2.0,QQQ,,False,26.9,0.5
PUT,1.48,2026-03-30 10:49:53,1.01,2026-03-30 11:50:28,AAPL260330P00247500,-31.8,-47.0,bear,16.8,2026-03-30 10:49:48,25.0,True,6.0,6.0,5.0,AAPL,,False,30.0,0.5
PUT,1.29,2026-04-02 15:26:44,0.93,2026-04-02 15:28:31,TSLA260402P00360000,-27.9,-36.0,bear,14.2,2026-04-02 15:26:36,28.0,False,4.0,5.0,3.0,TSLA,,True,24.8,0.7
PUT,1.13,2026-04-06 11:20:27,1.72,2026-04-06 11:36:57,TSLA260406P00352500,52.2,59.0,bear,14.8,2026-04-06 11:20:12,25.0,False,6.0,5.0,3.0,TSLA,,True,24.1,0.7
PUT,1.76,2026-04-06 11:44:30,1.31,2026-04-06 11:47:51,TSLA260406P00352500,-25.6,-45.0,bear,15.1,2026-04-06 11:44:22,25.0,False,6.0,5.0,4.0,TSLA,,True,24.3,0.7
PUT,1.41,2026-04-06 12:11:33,2.0,2026-04-06 12:19:06,TSLA260406P00352500,41.8,59.0,bear,14.3,2026-04-06 12:11:25,25.0,False,3.0,5.0,5.0,TSLA,,True,24.0,0.7
PUT,0.22,2026-04-06 13:05:28,0.33,2026-04-06 13:11:13,TSLA260406P00342500,50.0,11.0,bear,16.0,2026-04-06 13:05:20,40.0,False,6.0,6.0,6.0,TSLA,,True,24.1,0.7
PUT,1.0,2026-04-07 10:12:50,1.47,2026-04-07 10:30:56,AAPL260408P00245000,47.0,47.0,bear,16.4,2026-04-07 10:12:45,25.0,False,9.0,8.0,4.0,AAPL,,True,26.3,0.5
PUT,1.51,2026-04-07 10:43:53,2.09,2026-04-07 11:03:08,AAPL260408P00245000,38.4,58.0,bear,15.4,2026-04-07 10:43:48,25.0,False,7.0,5.0,4.0,AAPL,,True,26.4,0.5
PUT,2.41,2026-04-07 10:05:46,3.3,2026-04-07 11:06:40,MSFT260408P00367500,36.9,89.0,bear,14.7,2026-04-07 10:05:42,25.0,True,3.0,4.0,4.0,MSFT,,False,26.3,0.5
CALL,0.64,2026-04-08 13:01:07,0.46,2026-04-08 13:07:27,SPY260408C00677000,-28.1,-18.0,neutral,15.0,2026-04-08 13:00:57,28.0,True,4.0,4.0,4.0,SPY,2.0,False,20.8,0.7
CALL,0.21,2026-04-08 13:42:10,0.31,2026-04-08 14:16:14,SPY260408C00678000,47.6,30.0,neutral,14.4,2026-04-08 13:42:04,25.0,True,6.0,2.0,2.0,SPY,2.0,False,21.2,0.7
CALL,0.24,2026-04-08 14:09:17,0.16,2026-04-08 14:18:15,QQQ260408C00609000,-33.3,-16.0,neutral,14.2,2026-04-08 14:09:13,33.0,True,6.0,6.0,3.0,QQQ,0.0,False,21.2,0.7
CALL,0.25,2026-04-08 14:19:51,0.37,2026-04-08 14:22:14,SPY260408C00677000,48.0,24.0,neutral,14.7,2026-04-08 14:19:45,25.0,True,5.0,1.0,6.0,SPY,2.0,False,21.0,0.7
CALL,2.58,2026-04-16 11:14:29,3.75,2026-04-16 11:22:55,AMD260417C00275000,45.3,117.0,bull,15.4,2026-04-16 11:14:21,25.0,False,6.0,9.0,3.0,AMD,0.0,True,18.9,0.85
CALL,1.16,2026-04-16 11:28:32,1.23,2026-04-16 11:39:30,QQQ260416C00641000,6.0,7.0,bull,14.6,2026-04-16 11:28:20,28.0,False,6.0,5.0,6.0,QQQ,0.0,True,18.6,0.85
CALL,2.63,2026-04-16 11:32:11,2.7,2026-04-16 12:04:40,AMD260417C00280000,2.7,7.0,bull,16.0,2026-04-16 11:31:59,25.0,False,6.0,6.0,6.0,AMD,0.0,True,18.6,0.85
CALL,0.49,2026-04-16 13:33:53,0.36,2026-04-16 13:35:23,QQQ260416C00642000,-26.5,-13.0,bull,14.6,2026-04-16 13:33:43,25.0,False,5.0,4.0,5.0,QQQ,0.0,True,18.7,0.85
CALL,2.18,2026-04-17 09:40:02,3.45,2026-04-17 09:46:28,TSLA260417C00397500,58.3,127.0,bull,15.2,2026-04-17 09:39:24,40.0,False,8.0,1.0,8.0,TSLA,0.0,True,17.2,0.85
CALL,2.1,2026-04-17 09:35:45,1.5,2026-04-17 10:04:06,MSFT260417C00425000,-28.6,-60.0,bull,15.4,2026-04-17 09:35:34,40.0,False,7.0,5.0,8.0,MSFT,0.0,True,17.2,0.85
CALL,0.69,2026-04-17 10:30:21,1.05,2026-04-17 10:33:42,AMZN260417C00255000,52.2,36.0,bull,15.0,2026-04-17 10:30:14,28.0,True,4.0,4.0,4.0,AMZN,0.0,False,17.6,0.85
CALL,1.11,2026-04-17 10:40:58,1.1,2026-04-17 10:47:46,AMZN260417C00255000,-0.9,-1.0,bull,15.4,2026-04-17 10:40:50,28.0,True,6.0,4.0,3.0,AMZN,0.0,False,17.7,0.85
CALL,0.88,2026-04-17 10:55:01,0.61,2026-04-17 10:59:50,AMZN260417C00255000,-30.7,-27.0,bull,14.4,2026-04-17 10:54:54,28.0,True,3.0,4.0,3.0,AMZN,0.0,False,17.7,0.85
CALL,0.33,2026-04-17 10:58:37,0.2,2026-04-17 11:03:22,TSLA260417C00422500,-39.4,-39.0,bull,16.1,2026-04-17 10:58:26,33.0,False,9.0,6.0,6.0,TSLA,0.0,True,17.8,0.85
CALL,0.38,2026-04-17 11:30:26,0.3,2026-04-17 11:35:58,TSLA260417C00420000,-21.1,-8.0,bull,14.8,2026-04-17 11:30:14,25.0,False,4.0,6.0,4.0,TSLA,0.0,True,17.2,0.85
CALL,0.2,2026-04-17 13:04:50,0.1,2026-04-17 13:36:55,AMZN260417C00255000,-50.0,-10.0,bull,14.8,2026-04-17 13:04:43,40.0,True,5.0,4.0,2.0,AMZN,0.0,False,17.5,0.85
CALL,0.31,2026-04-17 15:43:16,0.19,2026-04-17 15:43:44,META260417C00695000,-38.7,-12.0,bull,14.9,2026-04-17 15:43:07,40.0,False,6.0,4.0,9.0,META,0.0,True,17.8,0.85
CALL,1.38,2026-04-20 09:42:25,1.96,2026-04-20 09:55:21,AAPL260420C00272500,42.0,58.0,bull,14.3,2026-04-20 09:42:19,40.0,False,6.0,5.0,5.0,AAPL,0.0,True,18.9,0.85
CALL,0.67,2026-04-20 10:16:48,0.48,2026-04-20 10:19:55,AAPL260420C00275000,-28.4,-19.0,bull,14.5,2026-04-20 10:16:43,33.0,False,6.0,6.0,4.0,AAPL,0.0,True,18.8,0.85
CALL,0.68,2026-04-20 10:27:13,0.48,2026-04-20 10:28:56,AAPL260420C00275000,-29.4,-20.0,bull,15.2,2026-04-20 10:27:07,28.0,False,6.0,6.0,3.0,AAPL,0.0,True,19.2,0.85
CALL,0.49,2026-04-20 10:37:36,0.37,2026-04-20 10:40:28,AAPL260420C00275000,-24.5,-12.0,bull,15.2,2026-04-20 10:37:31,25.0,False,6.0,6.0,3.0,AAPL,0.0,True,19.1,0.85
CALL,0.63,2026-04-20 15:59:08,0.48,2026-04-20 15:59:45,MSFT260420C00417500,-23.8,-15.0,bull,14.4,2026-04-20 15:59:01,33.0,False,6.0,2.0,6.0,MSFT,0.0,True,19.1,0.85
CALL,2.78,2026-04-21 12:32:47,3.0,2026-04-21 14:35:50,AMD260424C00295000,7.9,22.0,bull,14.4,2026-04-21 12:32:39,25.0,True,3.0,4.0,3.0,AMD,0.0,False,19.9,0.85
CALL,2.51,2026-04-21 15:03:45,2.27,2026-04-21 16:33:48,AMD260424C00297500,-9.6,-24.0,bull,17.1,2026-04-21 15:03:38,25.0,True,3.0,4.0,2.0,AMD,0.0,True,20.0,0.7
CALL,1.34,2026-04-22 09:44:30,1.99,2026-04-22 10:07:36,MSFT260422C00430000,48.5,65.0,bull,14.6,2026-04-22 09:44:24,40.0,False,6.0,3.0,5.0,MSFT,0.0,True,19.0,0.85
CALL,2.86,2026-04-22 09:48:02,4.2,2026-04-22 10:22:25,AMD260424C00297500,46.9,134.0,bull,18.2,2026-04-22 09:47:54,40.0,True,5.0,5.0,2.0,AMD,0.0,True,19.0,0.85
CALL,1.24,2026-04-22 10:39:57,0.87,2026-04-22 10:42:44,MSFT260422C00432500,-29.8,-37.0,bull,14.5,2026-04-22 10:39:47,28.0,False,6.0,6.0,4.0,MSFT,0.0,True,19.0,0.85
CALL,0.89,2026-04-22 11:14:44,1.32,2026-04-22 11:24:21,MSFT260422C00432500,48.3,43.0,bull,15.2,2026-04-22 11:14:36,25.0,False,5.0,6.0,4.0,MSFT,0.0,True,19.1,0.85
CALL,0.41,2026-04-22 11:57:07,0.3,2026-04-22 11:58:58,QQQ260422C00655000,-26.8,-11.0,bull,14.0,2026-04-22 11:56:54,25.0,True,3.0,3.0,3.0,QQQ,0.0,False,19.4,0.85
CALL,1.19,2026-04-22 11:46:23,0.85,2026-04-22 11:59:58,MSFT260422C00432500,-28.6,-34.0,bull,14.3,2026-04-22 11:46:15,28.0,False,3.0,5.0,5.0,MSFT,0.0,True,19.2,0.85
CALL,0.85,2026-04-22 12:35:38,0.6,2026-04-22 12:53:10,AAPL260422C00272500,-29.4,-25.0,bull,14.3,2026-04-22 12:35:34,25.0,False,3.0,5.0,5.0,AAPL,0.0,True,19.4,0.85
CALL,1.19,2026-04-23 09:56:00,0.69,2026-04-23 10:13:56,NVDA260424C00205000,-42.0,-50.0,bull,16.7,2026-04-23 09:55:51,40.0,True,7.0,5.0,5.0,NVDA,0.0,False,19.2,0.85
CALL,0.69,2026-04-23 10:54:29,1.07,2026-04-23 10:58:03,SPY260423C00712000,55.1,38.0,bull,14.0,2026-04-23 10:54:19,25.0,True,3.0,3.0,3.0,SPY,0.0,False,19.0,0.85
CALL,2.98,2026-04-24 10:20:21,2.21,2026-04-24 10:21:45,AMD260424C00350000,-25.8,-77.0,bull,16.3,2026-04-24 10:20:11,25.0,False,6.0,8.0,4.0,AMD,0.0,True,19.2,0.85
CALL,1.34,2026-04-24 10:44:46,0.95,2026-04-24 10:49:19,AMD260424C00350000,-29.1,-39.0,bull,14.3,2026-04-24 10:44:35,40.0,False,3.0,5.0,5.0,AMD,0.0,True,18.9,0.85
CALL,1.58,2026-04-27 12:07:23,2.38,2026-04-27 12:33:47,NVDA260427C00210000,50.6,80.0,bull,14.1,2026-04-27 12:07:14,25.0,False,3.0,5.0,4.0,NVDA,0.0,True,18.7,0.85
CALL,2.91,2026-04-27 12:52:34,4.25,2026-04-27 13:26:29,NVDA260427C00210000,46.0,134.0,bull,14.9,2026-04-27 12:52:25,33.0,False,5.0,6.0,3.0,NVDA,0.0,True,18.5,0.85
CALL,0.85,2026-04-27 13:48:05,0.53,2026-04-27 13:51:26,META260427C00682500,-37.6,-32.0,bull,14.2,2026-04-27 13:47:57,25.0,False,4.0,5.0,3.0,META,0.0,True,18.4,0.85
CALL,2.12,2026-04-27 13:37:25,3.15,2026-04-27 14:07:08,NVDA260427C00212500,48.6,103.0,bull,15.5,2026-04-27 13:37:16,33.0,False,6.0,6.0,4.0,NVDA,0.0,True,18.5,0.85
CALL,1.44,2026-04-27 14:22:53,0.95,2026-04-27 14:28:42,NVDA260427C00215000,-34.0,-49.0,bull,15.8,2026-04-27 14:22:35,28.0,False,6.0,6.0,5.0,NVDA,0.0,True,18.5,0.85
CALL,0.89,2026-04-27 14:40:21,0.53,2026-04-27 14:45:45,NVDA260427C00215000,-40.4,-36.0,bull,14.3,2026-04-27 14:40:11,28.0,False,3.0,5.0,5.0,NVDA,0.0,True,18.5,0.85
CALL,1.89,2026-04-28 14:42:53,1.39,2026-04-28 15:54:41,NVDA260429C00215000,-26.5,-50.0,bull,14.4,2026-04-28 14:42:46,25.0,False,5.0,3.0,6.0,NVDA,0.0,True,18.2,0.85
CALL,0.89,2026-04-28 15:58:30,0.85,2026-04-28 17:28:33,AAPL260429C00272500,-4.5,-4.0,bull,14.5,2026-04-28 15:58:26,25.0,False,4.0,4.0,6.0,AAPL,0.0,True,18.0,0.85
CALL,2.83,2026-04-29 14:13:20,4.0,2026-04-29 15:27:27,AMD260501C00352500,41.3,117.0,bull,14.2,2026-04-29 14:13:12,25.0,False,3.0,6.0,3.0,AMD,0.0,True,18.5,0.85
CALL,2.84,2026-04-29 15:36:08,2.54,2026-04-29 17:06:22,AMD260501C00355000,-10.6,-30.0,bull,16.8,2026-04-29 15:35:58,25.0,False,6.0,8.0,6.0,AMD,0.0,True,18.3,0.85
CALL,2.46,2026-04-30 09:59:41,1.69,2026-04-30 10:34:27,AMD260501C00355000,-31.3,-77.0,bull,14.9,2026-04-30 09:59:33,40.0,False,7.0,5.0,6.0,AMD,0.0,True,18.0,0.85
CALL,2.83,2026-04-30 11:32:50,1.95,2026-04-30 11:42:53,AMD260501C00357500,-31.1,-88.0,bull,14.2,2026-04-30 11:32:42,25.0,False,6.0,6.0,3.0,AMD,0.0,True,17.4,0.85
CALL,1.93,2026-04-30 12:10:49,1.43,2026-04-30 12:34:06,TSLA260501C00385000,-25.9,-50.0,bull,14.3,2026-04-30 12:10:40,25.0,False,5.0,7.0,3.0,TSLA,0.0,True,17.4,0.85
CALL,2.34,2026-04-30 12:41:58,2.47,2026-04-30 14:12:13,AMD260501C00360000,5.6,13.0,bull,14.4,2026-04-30 12:41:50,25.0,False,5.0,6.0,5.0,AMD,0.0,True,17.4,0.85
CALL,1.9,2026-04-30 14:39:16,2.19,2026-04-30 15:12:27,TSLA260501C00387500,15.3,29.0,bull,20.6,2026-04-30 14:39:07,25.0,True,6.0,5.0,6.0,TSLA,0.0,True,17.3,0.85
CALL,1.51,2026-05-01 09:31:02,0.97,2026-05-01 09:36:48,TSLA260501C00390000,-35.8,-54.0,bull,17.9,2026-05-01 09:30:53,40.0,True,4.0,2.0,3.0,TSLA,0.0,True,16.8,0.85
CALL,0.32,2026-05-01 09:38:04,0.17,2026-05-01 09:41:19,AMZN260501C00270000,-46.9,-45.0,bull,18.3,2026-05-01 09:37:57,40.0,True,3.0,5.0,5.0,AMZN,0.0,True,16.8,0.85
CALL,1.38,2026-05-01 09:41:35,1.45,2026-05-01 09:45:20,AAPL260501C00282500,5.1,7.0,bull,18.5,2026-05-01 09:41:31,40.0,True,8.0,8.0,6.0,AAPL,0.0,False,16.8,0.85
CALL,1.58,2026-05-01 10:02:40,2.64,2026-05-01 10:07:05,AMZN260501C00270000,67.1,106.0,bull,16.6,2026-05-01 10:02:33,40.0,True,6.0,5.0,6.0,AMZN,0.0,False,16.6,0.85
CALL,2.29,2026-05-01 09:59:07,3.25,2026-05-01 10:08:36,AAPL260501C00282500,41.9,96.0,bull,18.1,2026-05-01 09:59:01,40.0,True,9.0,8.0,3.0,AAPL,0.0,False,16.7,0.85
CALL,0.85,2026-05-01 09:55:33,0.99,2026-05-01 10:12:07,TSLA260501C00390000,16.5,14.0,bull,18.9,2026-05-01 09:55:24,40.0,True,4.0,5.0,2.0,TSLA,0.0,True,16.7,0.85
CALL,1.08,2026-05-01 10:19:38,1.65,2026-05-01 10:28:12,TSLA260501C00390000,52.8,57.0,bull,16.0,2026-05-01 10:19:29,25.0,True,5.0,5.0,5.0,TSLA,0.0,False,16.6,0.85
CALL,0.52,2026-05-04 10:37:15,0.77,2026-05-04 10:38:10,AMZN260504C00275000,48.1,25.0,bull,14.0,2026-05-04 10:37:09,33.0,False,5.0,5.0,5.0,AMZN,0.0,True,17.2,0.85
CALL,1.8,2026-05-04 10:47:51,1.2,2026-05-04 10:53:43,AMZN260504C00275000,-33.3,-60.0,bull,16.0,2026-05-04 10:47:44,40.0,False,6.0,6.0,6.0,AMZN,0.0,True,17.2,0.85
CALL,2.11,2026-05-04 13:27:05,1.42,2026-05-04 13:50:14,TSLA260504C00392500,-32.7,-69.0,bull,14.1,2026-05-04 13:26:53,28.0,False,5.0,4.0,3.0,TSLA,0.0,True,18.5,0.85
CALL,2.18,2026-05-05 09:35:19,2.09,2026-05-05 09:54:49,AMZN260506C00277500,-4.1,-9.0,bull,15.0,2026-05-05 09:35:12,40.0,False,9.0,4.0,5.0,AMZN,0.0,True,17.5,0.85
CALL,1.27,2026-05-05 14:48:21,1.26,2026-05-05 16:18:50,AAPL260506C00285000,-0.8,-1.0,bull,14.3,2026-05-05 14:48:16,25.0,False,3.0,5.0,5.0,AAPL,0.0,True,17.3,0.85
CALL,2.26,2026-05-06 09:45:09,3.85,2026-05-06 09:54:33,NVDA260506C00200000,70.4,159.0,bull,15.2,2026-05-06 09:44:58,40.0,False,9.0,4.0,6.0,NVDA,0.0,True,16.9,0.85
CALL,1.87,2026-05-06 11:24:57,1.02,2026-05-06 11:28:18,NVDA260506C00205000,-45.5,-85.0,bull,21.8,2026-05-06 11:24:49,33.0,True,8.0,8.0,3.0,NVDA,0.0,True,17.1,0.85
CALL,1.18,2026-05-06 12:18:16,0.74,2026-05-06 12:39:12,NVDA260506C00205000,-37.3,-44.0,bull,19.8,2026-05-06 12:18:08,25.0,True,3.0,8.0,2.0,NVDA,0.0,True,17.2,0.85
CALL,0.66,2026-05-06 13:35:25,0.93,2026-05-06 13:39:20,NVDA260506C00205000,40.9,27.0,bull,18.4,2026-05-06 13:34:22,28.0,True,5.0,3.0,2.0,NVDA,0.0,True,17.1,0.85
CALL,1.0,2026-05-06 13:46:10,0.83,2026-05-06 13:47:21,NVDA260506C00205000,-17.0,-17.0,bull,18.6,2026-05-06 13:46:02,33.0,True,4.0,3.0,4.0,NVDA,0.0,True,17.1,0.85
CALL,1.33,2026-05-06 14:08:00,1.41,2026-05-06 14:21:37,NVDA260506C00205000,6.0,8.0,bull,19.3,2026-05-06 14:07:44,25.0,True,3.0,5.0,5.0,NVDA,0.0,True,17.0,0.85
CALL,1.09,2026-05-06 14:26:09,1.57,2026-05-06 14:29:08,TSLA260506C00400000,44.0,48.0,bull,16.1,2026-05-06 14:25:59,33.0,False,6.0,8.0,3.0,TSLA,0.0,True,17.0,0.85
CALL,0.26,2026-05-06 15:25:54,0.45,2026-05-06 15:27:46,NVDA260506C00207500,73.1,38.0,bull,21.2,2026-05-06 15:25:45,33.0,True,5.0,8.0,5.0,NVDA,0.0,True,17.2,0.85
CALL,2.03,2026-05-07 10:44:44,1.52,2026-05-07 10:48:46,TSLA260508C00425000,-25.1,-51.0,bull,19.6,2026-05-07 10:44:35,25.0,True,8.0,9.0,9.0,TSLA,0.0,False,17.2,0.85
CALL,1.88,2026-05-07 11:41:19,1.41,2026-05-07 11:50:26,TSLA260508C00420000,-25.0,-47.0,bull,17.9,2026-05-07 11:41:08,25.0,True,3.0,6.0,2.0,TSLA,0.0,True,17.2,0.85
CALL,1.88,2026-05-08 09:37:34,2.75,2026-05-08 09:45:15,NVDA260508C00215000,46.3,87.0,bull,15.3,2026-05-08 09:37:22,40.0,False,6.0,5.0,9.0,NVDA,0.0,True,17.1,0.85
CALL,2.68,2026-05-08 09:51:37,1.86,2026-05-08 10:06:21,NVDA260508C00215000,-30.6,-82.0,bull,15.6,2026-05-08 09:51:28,40.0,False,6.0,8.0,5.0,NVDA,0.0,True,17.0,0.85
CALL,1.06,2026-05-08 14:19:53,1.17,2026-05-08 14:29:23,AMD260508C00450000,10.4,11.0,bull,15.3,2026-05-08 14:19:46,25.0,False,5.0,7.0,3.0,AMD,0.0,True,17.4,0.85
CALL,1.31,2026-05-08 14:40:41,0.94,2026-05-08 14:45:56,AMD260508C00450000,-28.2,-37.0,bull,14.7,2026-05-08 14:40:34,28.0,False,6.0,4.0,4.0,AMD,0.0,True,17.5,0.85
CALL,2.54,2026-05-11 09:45:47,3.7,2026-05-11 09:49:07,NVDA260511C00217500,45.7,116.0,bull,15.0,2026-05-11 09:45:36,40.0,False,6.0,6.0,6.0,NVDA,0.0,True,18.2,0.85
CALL,1.63,2026-05-11 09:56:15,1.17,2026-05-11 09:59:12,NVDA260511C00217500,-28.2,-46.0,bull,15.2,2026-05-11 09:56:07,40.0,False,8.0,8.0,1.0,NVDA,0.0,True,18.3,0.85
CALL,1.78,2026-05-11 11:16:49,1.21,2026-05-11 12:42:48,NVDA260511C00220000,-32.0,-57.0,bull,14.9,2026-05-11 11:16:40,28.0,False,3.0,9.0,1.0,NVDA,0.0,True,18.1,0.85
CALL,0.98,2026-05-11 13:03:41,0.64,2026-05-11 13:10:53,TSLA260511C00445000,-34.7,-34.0,bull,14.4,2026-05-11 13:03:33,25.0,False,3.0,6.0,4.0,TSLA,0.0,True,18.0,0.85
CALL,1.52,2026-05-13 12:33:56,1.61,2026-05-13 12:51:33,AAPL260513C00297500,5.9,9.0,bull,20.0,2026-05-13 12:33:51,33.0,True,6.0,6.0,6.0,AAPL,0.0,True,18.1,0.85
CALL,2.01,2026-05-13 12:58:49,2.91,2026-05-13 13:33:54,AAPL260513C00297500,44.8,90.0,bull,20.5,2026-05-13 12:58:44,40.0,True,6.0,6.0,4.0,AAPL,0.0,True,18.0,0.85
CALL,0.86,2026-05-13 13:41:37,0.92,2026-05-13 13:52:12,AAPL260513C00300000,7.0,6.0,bull,20.5,2026-05-13 13:41:32,33.0,True,6.0,6.0,4.0,AAPL,0.0,True,18.0,0.85
CALL,0.61,2026-05-13 13:59:26,0.41,2026-05-13 14:27:13,AAPL260513C00300000,-32.8,-40.0,bull,19.3,2026-05-13 13:59:22,28.0,True,3.0,5.0,5.0,AAPL,0.0,True,17.9,0.85
CALL,0.25,2026-05-13 14:49:29,0.18,2026-05-13 14:52:22,AAPL260513C00300000,-28.0,-35.0,bull,18.4,2026-05-13 14:49:24,28.0,True,5.0,3.0,2.0,AAPL,0.0,True,17.8,0.85
CALL,2.34,2026-05-13 14:28:09,1.33,2026-05-13 15:25:03,NVDA260513C00225000,-43.2,-101.0,bull,14.4,2026-05-13 14:27:58,40.0,False,3.0,6.0,4.0,NVDA,0.0,True,17.8,0.85
CALL,1.24,2026-05-14 10:26:53,1.64,2026-05-14 10:40:41,SPY260514C00746000,32.3,40.0,bull,14.0,2026-05-14 10:26:39,25.0,False,5.0,5.0,1.0,SPY,1.0,True,17.9,0.85
CALL,1.92,2026-05-14 10:47:58,2.87,2026-05-14 11:18:45,SPY260514C00746000,49.5,95.0,bull,16.5,2026-05-14 10:47:46,28.0,False,6.0,6.0,4.0,SPY,1.0,True,18.0,0.85
CALL,1.49,2026-05-14 11:26:56,1.53,2026-05-14 12:15:04,SPY260514C00748000,2.7,4.0,bull,16.5,2026-05-14 11:26:43,33.0,False,6.0,6.0,4.0,SPY,1.0,True,17.9,0.85
CALL,1.07,2026-05-20 11:19:47,0.73,2026-05-20 11:30:08,SPY260520C00742000,-31.8,-34.0,bull,14.2,2026-05-20 11:19:17,25.0,False,3.0,4.0,6.0,SPY,0.0,True,17.8,0.85
CALL,1.58,2026-05-20 13:46:30,1.75,2026-05-20 14:48:44,AAPL260520C00300000,10.8,17.0,bull,14.5,2026-05-20 13:46:23,40.0,False,5.0,5.0,3.0,AAPL,0.0,True,17.6,0.85
CALL,1.45,2026-05-27 11:37:09,0.99,2026-05-27 11:46:44,AMZN260527C00270000,-31.7,-46.0,bull,14.3,2026-05-27 11:37:02,25.0,False,3.0,5.0,5.0,AMZN,0.0,True,17.0,0.85
CALL,1.88,2026-05-27 12:32:20,1.25,2026-05-27 13:08:59,AMZN260527C00270000,-33.5,-63.0,bull,14.2,2026-05-27 12:32:14,40.0,False,4.0,5.0,3.0,AMZN,0.0,True,16.9,0.85
CALL,0.55,2026-05-27 14:33:24,0.65,2026-05-27 14:35:13,META260527C00645000,18.2,20.0,bull,21.2,2026-05-27 14:33:17,40.0,True,6.0,6.0,7.0,META,0.0,True,16.6,0.85
CALL,0.39,2026-05-27 14:43:47,0.19,2026-05-27 14:45:45,META260527C00640000,-51.3,-60.0,bull,21.3,2026-05-27 14:43:41,40.0,True,9.0,6.0,3.0,META,0.0,True,16.6,0.85
CALL,0.2,2026-05-27 14:54:13,0.17,2026-05-27 14:54:16,META260527C00640000,-15.0,-18.0,bull,19.9,2026-05-27 14:54:06,25.0,True,5.0,6.0,3.0,META,0.0,True,16.6,0.85
CALL,0.23,2026-05-27 15:01:12,0.32,2026-05-27 15:02:17,META260527C00645000,39.1,45.0,bull,20.6,2026-05-27 15:01:04,25.0,True,5.0,7.0,4.0,META,0.0,True,16.5,0.85
CALL,0.32,2026-05-27 15:08:13,0.23,2026-05-27 15:08:18,META260527C00647500,-28.1,-27.0,bull,21.7,2026-05-27 15:08:05,25.0,True,6.0,9.0,4.0,META,0.0,True,16.5,0.85
CALL,1.45,2026-05-27 15:15:15,1.05,2026-05-27 15:15:49,META260527C00635000,-27.6,-40.0,bull,21.4,2026-05-27 15:15:06,25.0,True,6.0,9.0,3.0,META,0.0,True,16.5,0.85
CALL,0.54,2026-05-27 15:25:40,0.38,2026-05-27 15:26:51,META260527C00635000,-29.6,-32.0,bull,20.9,2026-05-27 15:25:32,28.0,True,3.0,9.0,5.0,META,0.0,True,16.5,0.85
CALL,0.83,2026-05-27 15:36:04,1.38,2026-05-27 15:40:53,META260527C00635000,66.3,55.0,bull,20.1,2026-05-27 15:35:57,25.0,True,4.0,6.0,5.0,META,0.0,True,16.5,0.85
CALL,1.95,2026-05-28 14:04:58,1.4,2026-05-28 14:19:25,MSFT260529C00432500,-28.2,-55.0,bull,15.0,2026-05-28 14:04:51,25.0,False,6.0,6.0,6.0,MSFT,0.0,True,15.8,0.85
CALL,0.43,2026-05-29 09:37:33,0.26,2026-05-29 09:38:53,MSFT260529C00452500,-39.5,-34.0,bull,16.4,2026-05-29 09:37:26,40.0,False,9.0,5.0,9.0,MSFT,0.0,True,15.7,0.85
CALL,1.74,2026-05-29 12:17:16,1.31,2026-05-29 12:25:20,NVDA260529C00215000,-24.7,-43.0,bull,18.0,2026-05-29 12:17:08,40.0,True,4.0,4.0,4.0,NVDA,0.0,True,15.4,0.85
CALL,1.81,2026-05-29 12:38:10,2.06,2026-05-29 12:47:54,NVDA260529C00215000,13.8,25.0,bull,17.6,2026-05-29 12:38:01,33.0,True,3.0,4.0,4.0,NVDA,0.0,True,15.4,0.85
CALL,2.2,2026-05-29 13:13:20,1.75,2026-05-29 13:20:00,NVDA260529C00215000,-20.5,-45.0,bull,18.0,2026-05-29 13:13:11,28.0,True,4.0,4.0,4.0,NVDA,0.0,True,15.3,0.85
CALL,0.95,2026-06-01 10:30:52,0.71,2026-06-01 10:37:29,NVDA260601C00222500,-25.3,-24.0,bull,18.5,2026-06-01 10:30:43,28.0,True,5.0,5.0,3.0,NVDA,0.0,True,16.1,0.85
CALL,0.53,2026-06-01 10:44:49,0.35,2026-06-01 10:55:34,NVDA260601C00222500,-34.0,-36.0,bull,17.9,2026-06-01 10:44:40,25.0,True,4.0,5.0,2.0,NVDA,0.0,True,16.1,0.85
CALL,1.08,2026-06-01 11:52:04,0.9,2026-06-01 11:55:44,NVDA260601C00220000,-16.7,-18.0,bull,17.8,2026-06-01 11:51:54,25.0,True,2.0,4.0,2.0,NVDA,0.0,True,15.9,0.85
CALL,1.5,2026-06-01 12:20:18,2.22,2026-06-01 12:27:49,NVDA260601C00220000,48.0,72.0,bull,19.6,2026-06-01 12:20:07,25.0,True,4.0,5.0,5.0,NVDA,0.0,True,16.0,0.85
CALL,2.5,2026-06-01 12:34:30,1.96,2026-06-01 12:36:51,NVDA260601C00220000,-21.6,-54.0,bull,20.0,2026-06-01 12:34:19,40.0,True,5.0,5.0,5.0,NVDA,0.0,True,16.2,0.85
CALL,1.93,2026-06-01 12:45:13,2.89,2026-06-01 13:42:08,NVDA260601C00220000,49.7,96.0,bull,18.8,2026-06-01 12:45:03,40.0,True,3.0,5.0,3.0,NVDA,0.0,True,16.0,0.85
CALL,2.24,2026-06-02 09:51:31,2.25,2026-06-02 10:02:50,NVDA260603C00232500,0.4,1.0,bull,15.3,2026-06-02 09:51:22,40.0,False,7.0,6.0,6.0,NVDA,0.0,True,16.1,0.85
CALL,1.74,2026-06-02 13:04:03,1.25,2026-06-02 14:22:11,AAPL260603C00315000,-28.2,-49.0,bull,15.6,2026-06-02 13:03:58,28.0,False,6.0,5.0,6.0,AAPL,0.0,True,16.0,0.85
PUT,0.2,2026-06-05 12:33:54,0.34,2026-06-05 12:45:56,QQQ260605P00700000,70.0,56.0,neutral,15.6,2026-06-05 12:33:48,28.0,True,4.0,6.0,7.0,QQQ,1.0,False,18.1,0.85
PUT,2.4,2026-06-05 12:54:17,3.19,2026-06-05 13:06:31,QQQ260605P00717000,32.9,79.0,neutral,14.4,2026-06-05 12:54:11,25.0,True,3.0,6.0,4.0,QQQ,1.0,False,18.4,0.85
PUT,0.2,2026-06-05 13:18:01,0.14,2026-06-05 13:22:06,QQQ260605P00700000,-30.0,-18.0,neutral,15.2,2026-06-05 13:17:56,25.0,True,4.0,7.0,4.0,QQQ,1.0,False,18.8,0.85
PUT,0.21,2026-06-09 11:34:16,0.14,2026-06-09 11:40:43,QQQ260609P00680000,-33.3,-21.0,neutral,14.5,2026-06-09 11:34:12,28.0,False,5.0,5.0,7.0,QQQ,1.0,True,19.2,0.85
PUT,0.56,2026-06-09 12:15:12,0.84,2026-06-09 12:16:18,QQQ260609P00680000,50.0,28.0,neutral,14.5,2026-06-09 12:15:06,25.0,False,6.0,6.0,4.0,QQQ,1.0,True,20.9,0.7
PUT,0.43,2026-06-09 12:25:27,0.43,2026-06-09 12:31:52,QQQ260609P00670000,0.0,0.0,neutral,14.7,2026-06-09 12:25:21,25.0,False,6.0,7.0,3.0,QQQ,1.0,True,21.4,0.7
PUT,0.68,2026-06-09 12:56:22,0.49,2026-06-09 12:58:56,QQQ260609P00670000,-27.9,-19.0,neutral,15.2,2026-06-09 12:56:15,25.0,False,6.0,6.0,3.0,QQQ,2.0,True,23.3,0.7
CALL,2.29,2026-06-12 11:10:18,2.22,2026-06-12 11:32:50,QQQ260612C00724000,-3.1,-7.0,bull,14.0,2026-06-12 11:10:08,25.0,False,5.0,5.0,5.0,QQQ,0.0,True,18.8,0.85
CALL,0.63,2026-06-15 09:31:24,0.45,2026-06-15 09:32:00,AAPL260615C00295000,-28.6,-18.0,bull,17.2,2026-06-15 09:31:18,40.0,True,3.0,3.0,4.0,AAPL,0.0,True,16.3,0.85
CALL,1.44,2026-06-15 09:42:12,1.22,2026-06-15 09:43:05,AAPL260615C00295000,-15.3,-22.0,bull,19.9,2026-06-15 09:42:07,40.0,True,9.0,3.0,6.0,AAPL,0.0,True,16.3,0.85
CALL,1.18,2026-06-15 09:49:30,0.87,2026-06-15 09:54:16,AAPL260615C00295000,-26.3,-31.0,bull,18.4,2026-06-15 09:49:23,40.0,True,5.0,3.0,6.0,AAPL,0.0,True,16.1,0.85
CALL,0.42,2026-06-15 10:36:11,0.27,2026-06-15 10:39:41,AAPL260615C00297500,-35.7,-30.0,bull,18.4,2026-06-15 10:36:01,25.0,True,6.0,4.0,3.0,AAPL,0.0,True,16.4,0.85
CALL,0.43,2026-06-15 10:28:54,0.67,2026-06-15 11:32:50,SPY260615C00756000,55.8,48.0,bull,16.1,2026-06-15 10:28:40,25.0,False,6.0,5.0,4.0,SPY,2.0,True,16.4,0.85
CALL,1.48,2026-06-29 13:56:10,1.15,2026-06-29 13:58:22,QQQ260629C00723000,-22.3,-33.0,bull,14.9,2026-06-29 13:55:57,28.0,True,3.0,4.0,5.0,QQQ,0.0,False,17.8,0.85
CALL,0.6,2026-06-29 14:35:26,0.65,2026-06-29 14:50:37,SPY260629C00741000,8.3,5.0,bull,15.4,2026-06-29 14:35:15,28.0,True,3.0,4.0,3.0,SPY,1.0,False,17.7,0.85
CALL,0.63,2026-06-29 14:56:45,0.46,2026-06-29 15:02:40,SPY260629C00741000,-27.0,-17.0,bull,15.9,2026-06-29 14:56:35,33.0,True,3.0,4.0,5.0,SPY,1.0,False,17.6,0.85
CALL,0.54,2026-06-29 15:10:57,0.39,2026-06-29 15:16:13,SPY260629C00741000,-27.8,-15.0,bull,15.9,2026-06-29 15:10:48,28.0,True,3.0,4.0,5.0,SPY,1.0,False,17.6,0.85
CALL,0.22,2026-06-29 15:25:11,0.15,2026-06-29 15:30:17,SPY260629C00742000,-31.8,-21.0,bull,15.4,2026-06-29 15:24:59,28.0,True,3.0,4.0,3.0,SPY,1.0,False,17.6,0.85
CALL,0.39,2026-06-29 15:46:28,0.3,2026-06-29 15:50:50,SPY260629C00741000,-23.1,-9.0,bull,15.1,2026-06-29 15:46:17,33.0,True,5.0,2.0,2.0,SPY,1.0,False,17.6,0.85
CALL,1.08,2026-06-30 11:00:34,1.29,2026-06-30 11:21:21,AAPL260701C00290000,19.4,21.0,bull,19.4,2026-06-30 11:00:28,25.0,True,6.0,2.0,6.0,AAPL,0.0,True,17.0,0.85
CALL,1.85,2026-06-30 12:15:35,1.95,2026-06-30 13:27:46,SPY260630C00745000,5.4,10.0,bull,15.8,2026-06-30 12:15:22,28.0,True,3.0,5.0,3.0,SPY,1.0,False,16.8,0.85
CALL,1.39,2026-06-30 11:29:18,1.29,2026-06-30 13:50:23,AAPL260701C00290000,-7.2,-10.0,bull,18.8,2026-06-30 11:29:12,25.0,True,5.0,2.0,5.0,AAPL,0.0,True,16.9,0.85
CALL,1.78,2026-06-30 15:58:49,0.28,2026-07-01 09:30:05,NVDA260701C00200000,-84.3,-150.0,bull,21.6,2026-06-30 15:58:40,25.0,True,8.0,4.0,9.0,NVDA,0.0,True,16.5,0.85
CALL,2.96,2026-07-01 09:30:18,1.8,2026-07-01 09:31:30,MSFT260701C00380000,-39.2,-116.0,bull,19.6,2026-07-01 09:30:11,40.0,True,6.0,5.0,6.0,MSFT,0.0,True,16.9,0.85
CALL,2.0,2026-07-01 11:18:04,1.24,2026-07-01 11:19:48,MSFT260701C00387500,-38.0,-76.0,bull,20.8,2026-07-01 11:17:57,28.0,True,6.0,6.0,5.0,MSFT,0.0,True,16.3,0.85
CALL,1.55,2026-07-01 11:28:50,1.16,2026-07-01 11:31:20,MSFT260701C00387500,-25.2,-39.0,bull,19.8,2026-07-01 11:28:44,25.0,True,4.0,6.0,4.0,MSFT,0.0,True,16.2,0.85
CALL,0.76,2026-07-01 11:36:48,0.53,2026-07-01 11:49:08,MSFT260701C00387500,-30.3,-23.0,bull,19.3,2026-07-01 11:36:38,25.0,True,3.0,5.0,5.0,MSFT,0.0,True,16.1,0.85
CALL,0.63,2026-07-06 12:15:19,0.48,2026-07-06 12:27:35,SPY260706C00751000,-23.8,-15.0,bull,14.3,2026-07-06 12:15:08,28.0,True,3.0,5.0,1.0,SPY,0.0,False,15.9,0.85
CALL,0.71,2026-07-06 14:17:26,1.0,2026-07-06 14:55:05,SPY260706C00751000,40.8,29.0,bull,14.8,2026-07-06 14:17:15,33.0,True,3.0,5.0,3.0,SPY,0.0,False,15.9,0.85
CALL,1.06,2026-07-06 15:02:46,1.09,2026-07-06 15:34:47,SPY260706C00751000,2.8,3.0,bull,14.8,2026-07-06 15:02:36,40.0,True,3.0,5.0,3.0,SPY,0.0,False,15.7,0.85
CALL,2.21,2026-07-08 12:42:40,3.1,2026-07-08 12:56:53,NVDA260708C00197500,40.3,89.0,bull,19.5,2026-07-08 12:42:30,40.0,True,5.0,5.0,3.0,NVDA,0.0,True,17.5,0.85
CALL,0.3,2026-07-08 13:17:23,0.49,2026-07-08 13:19:27,NVDA260708C00202500,63.3,76.0,bull,19.5,2026-07-08 13:17:15,28.0,True,5.0,5.0,3.0,NVDA,0.0,True,17.0,0.85
CALL,1.0,2026-07-08 13:27:49,1.54,2026-07-08 13:36:01,NVDA260708C00202500,54.0,54.0,bull,20.6,2026-07-08 13:27:41,40.0,True,6.0,5.0,6.0,NVDA,0.0,True,16.9,0.85
CALL,0.61,2026-07-08 13:59:18,0.58,2026-07-08 14:16:42,NVDA260708C00202500,-4.9,-3.0,bull,19.3,2026-07-08 13:59:10,25.0,True,3.0,5.0,5.0,NVDA,0.0,True,16.8,0.85
CALL,3.0,2026-07-09 14:16:12,2.38,2026-07-09 14:55:19,META260710C00625000,-20.7,-62.0,bull,18.4,2026-07-09 14:16:05,25.0,True,3.0,4.0,3.0,META,0.0,True,16.0,0.85
CALL,0.74,2026-07-09 15:30:26,1.12,2026-07-09 15:31:28,META260710C00655000,51.4,38.0,bull,19.6,2026-07-09 15:30:17,25.0,True,6.0,5.0,6.0,META,0.0,True,16.0,0.85
CALL,0.93,2026-07-09 15:19:52,0.37,2026-07-10 09:30:14,AAPL260710C00317500,-60.2,-56.0,bull,17.5,2026-07-09 15:19:47,25.0,True,3.0,3.0,5.0,AAPL,0.0,True,16.1,0.85
CALL,1.13,2026-07-09 15:37:29,11.45,2026-07-10 09:30:14,META260710C00655000,913.3,1032.0,bull,19.9,2026-07-09 15:37:21,25.0,True,7.0,5.0,6.0,META,0.0,True,15.9,0.85
CALL,0.61,2026-07-10 09:45:36,0.58,2026-07-10 09:49:17,META260710C00697500,-4.9,-6.0,bull,17.1,2026-07-10 09:45:27,40.0,True,5.0,9.0,3.0,META,0.0,False,15.7,0.85
CALL,0.78,2026-07-10 09:56:37,1.33,2026-07-10 09:58:49,META260710C00697500,70.5,55.0,bull,17.7,2026-07-10 09:56:30,40.0,True,6.0,9.0,4.0,META,0.0,False,15.7,0.85
CALL,0.75,2026-07-10 10:07:21,0.45,2026-07-10 10:12:52,META260710C00697500,-40.0,-30.0,bull,17.1,2026-07-10 10:07:13,25.0,True,5.0,9.0,3.0,META,0.0,False,15.6,0.85
CALL,2.56,2026-07-10 10:24:59,2.0,2026-07-10 10:25:24,META260710C00675000,-21.9,-56.0,bull,16.4,2026-07-10 10:24:49,25.0,True,3.0,9.0,3.0,META,0.0,False,15.5,0.85
CALL,1.46,2026-07-10 10:52:52,1.04,2026-07-10 10:56:01,META260710C00685000,-28.8,-42.0,bull,19.8,2026-07-10 10:52:44,25.0,True,4.0,6.0,4.0,META,0.0,True,15.9,0.85
CALL,1.39,2026-07-14 13:07:27,1.07,2026-07-14 13:33:12,NVDA260715C00212500,-23.0,-32.0,bull,14.9,2026-07-14 13:07:18,28.0,False,4.0,5.0,6.0,NVDA,0.0,True,16.5,0.85
CALL,1.27,2026-07-14 13:49:02,1.86,2026-07-14 14:35:27,NVDA260715C00212500,46.5,59.0,bull,14.4,2026-07-14 13:48:54,25.0,False,4.0,5.0,4.0,NVDA,0.0,True,16.4,0.85
CALL,0.83,2026-07-14 14:47:55,0.59,2026-07-14 15:32:14,NVDA260715C00215000,-28.9,-24.0,bull,14.9,2026-07-14 14:47:42,25.0,False,4.0,5.0,6.0,NVDA,0.0,True,16.4,0.85
CALL,0.71,2026-07-14 15:46:39,0.7,2026-07-14 17:16:41,NVDA260715C00215000,-1.4,-1.0,bull,14.2,2026-07-14 15:46:31,25.0,False,5.0,5.0,2.0,NVDA,0.0,True,16.5,0.85
CALL,2.17,2026-07-15 09:34:58,2.83,2026-07-15 09:37:01,AMZN260715C00250000,30.4,66.0,bull,19.3,2026-07-15 09:34:39,40.0,True,6.0,3.0,8.0,AMZN,0.0,True,16.2,0.85
CALL,2.64,2026-07-15 09:42:12,3.65,2026-07-15 09:44:34,AAPL260715C00317500,38.3,101.0,bull,19.5,2026-07-15 09:42:04,40.0,True,8.0,3.0,6.0,AAPL,0.0,True,16.2,0.85
CALL,2.79,2026-07-15 09:59:59,3.65,2026-07-15 10:05:08,AMZN260715C00250000,30.8,86.0,bull,19.6,2026-07-15 09:59:50,40.0,True,7.0,4.0,6.0,AMZN,0.0,True,16.1,0.85
CALL,2.23,2026-07-15 10:10:44,3.25,2026-07-15 10:16:11,AAPL260715C00322500,45.7,102.0,bull,19.1,2026-07-15 10:10:38,40.0,True,9.0,8.0,7.0,AAPL,0.0,False,16.1,0.85
CALL,1.25,2026-07-15 10:35:58,1.2,2026-07-15 10:40:20,AMZN260715C00255000,-4.0,-5.0,bull,19.5,2026-07-15 10:35:50,28.0,True,6.0,6.0,4.0,AMZN,0.0,True,16.0,0.85
CALL,0.56,2026-07-15 10:50:10,0.8,2026-07-15 11:02:43,AMZN260715C00255000,42.9,48.0,bull,17.5,2026-07-15 10:50:01,25.0,True,3.0,3.0,5.0,AMZN,0.0,True,16.0,0.85
CALL,2.83,2026-07-15 10:25:10,4.35,2026-07-15 11:38:23,AAPL260715C00322500,53.7,152.0,bull,18.1,2026-07-15 10:25:05,40.0,True,8.0,9.0,3.0,AAPL,0.0,False,16.0,0.85
CALL,0.91,2026-07-15 11:50:47,1.32,2026-07-15 12:06:00,AMZN260715C00255000,45.1,41.0,bull,19.3,2026-07-15 11:50:38,25.0,True,3.0,5.0,5.0,AMZN,0.0,True,16.1,0.85
CALL,2.55,2026-07-21 15:53:22,2.44,2026-07-21 17:53:46,AMD260722C00565000,-4.3,-11.0,bull,14.2,2026-07-21 15:53:13,25.0,False,5.0,3.0,5.0,AMD,0.0,True,16.9,0.85
CALL,0.76,2026-07-22 11:01:28,0.5,2026-07-22 11:02:20,NVDA260722C00210000,-34.2,-26.0,bull,18.1,2026-07-22 11:01:15,40.0,True,5.0,2.0,6.0,NVDA,0.0,True,17.3,0.85
CALL,2.48,2026-07-22 11:12:05,3.25,2026-07-22 11:13:22,NVDA260722C00210000,31.0,77.0,bull,19.6,2026-07-22 11:11:53,40.0,True,7.0,4.0,6.0,NVDA,0.0,True,17.2,0.85
CALL,2.62,2026-07-22 11:22:41,0.65,2026-07-22 11:29:33,NVDA260722C00210000,-75.2,-197.0,bull,19.5,2026-07-22 11:22:30,33.0,True,5.0,5.0,3.0,NVDA,0.0,True,17.0,0.85
CALL,2.75,2026-07-22 11:36:49,0.65,2026-07-22 11:48:52,NVDA260722C00210000,-76.4,-210.0,bull,20.1,2026-07-22 11:36:37,25.0,True,6.0,5.0,4.0,NVDA,0.0,True,16.9,0.85
CALL,0.54,2026-07-22 12:16:04,0.72,2026-07-22 12:18:26,NVDA260722C00215000,33.3,18.0,bull,19.4,2026-07-22 12:15:53,25.0,True,4.0,5.0,4.0,NVDA,0.0,True,16.8,0.85
CALL,0.26,2026-07-22 14:08:29,0.19,2026-07-22 14:23:20,NVDA260722C00215000,-26.9,-7.0,bull,18.9,2026-07-22 14:08:18,40.0,True,4.0,5.0,2.0,NVDA,0.0,True,16.8,0.85
CALL,1.31,2026-07-31 09:31:36,1.03,2026-07-31 09:40:23,SPY260731C00746000,-21.4,-28.0,bull,15.9,2026-07-31 09:31:22,40.0,True,5.0,3.0,4.0,SPY,1.0,False,17.1,0.85
CALL,2.0,2026-07-31 13:05:59,1.46,2026-07-31 13:12:30,AMZN260731C00270000,-27.0,-54.0,bull,14.2,2026-07-31 13:05:53,28.0,False,6.0,6.0,3.0,AMZN,0.0,True,16.9,0.85
CALL,0.49,2026-07-31 13:23:18,0.39,2026-07-31 13:37:02,AMZN260731C00272500,-20.4,-10.0,bull,14.2,2026-07-31 13:23:11,25.0,False,6.0,6.0,3.0,AMZN,0.0,True,16.9,0.85
CALL,2.44,2026-08-03 09:38:25,2.39,2026-08-03 09:45:13,TSLA260803C00317500,-2.0,-5.0,bull,20.1,2026-08-03 09:38:15,40.0,True,8.0,4.0,7.0,TSLA,0.0,True,16.0,0.85
CALL,2.87,2026-08-03 10:06:44,2.17,2026-08-03 10:10:05,TSLA260803C00317500,-24.4,-70.0,bull,18.8,2026-08-03 10:06:33,25.0,True,5.0,5.0,4.0,TSLA,0.0,True,16.2,0.85
CALL,0.38,2026-08-03 10:10:21,0.62,2026-08-03 10:18:51,SPY260803C00755000,63.2,24.0,bull,15.1,2026-08-03 10:10:06,33.0,False,6.0,5.0,4.0,SPY,1.0,True,16.1,0.85
CALL,0.68,2026-08-03 10:21:09,0.48,2026-08-03 10:32:54,TSLA260803C00322500,-29.4,-20.0,bull,19.9,2026-08-03 10:20:57,25.0,True,6.0,5.0,3.0,TSLA,0.0,True,16.1,0.85
CALL,0.92,2026-08-03 10:42:54,0.77,2026-08-03 10:43:56,TSLA260803C00322500,-16.3,-15.0,bull,20.4,2026-08-03 10:42:37,25.0,True,6.0,5.0,5.0,TSLA,0.0,True,15.8,0.85
CALL,1.26,2026-08-03 10:39:13,2.14,2026-08-03 10:51:59,QQQ260803C00696000,69.8,88.0,bull,15.2,2026-08-03 10:38:58,25.0,False,5.0,5.0,6.0,QQQ,0.0,True,15.8,0.85
CALL,0.93,2026-08-03 10:50:06,1.57,2026-08-03 10:56:31,TSLA260803C00322500,68.8,64.0,bull,19.9,2026-08-03 10:49:54,25.0,True,4.0,5.0,6.0,TSLA,0.0,True,15.8,0.85
CALL,0.21,2026-08-04 10:09:35,0.28,2026-08-04 10:15:27,SPY260804C00769000,33.3,21.0,bull,15.1,2026-08-04 10:09:23,25.0,False,6.0,5.0,4.0,SPY,1.0,True,16.0,0.85
CALL,0.74,2026-08-04 10:23:54,1.13,2026-08-04 10:49:38,SPY260804C00766000,52.7,39.0,bull,15.5,2026-08-04 10:23:42,25.0,False,5.0,5.0,3.0,SPY,1.0,True,16.2,0.85
CALL,1.13,2026-08-04 10:55:34,1.69,2026-08-04 11:03:42,SPY260804C00766000,49.6,56.0,bull,17.2,2026-08-04 10:55:23,28.0,False,6.0,6.0,3.0,SPY,2.0,True,15.8,0.85
CALL,1.57,2026-08-04 11:09:31,2.38,2026-08-04 11:25:48,SPY260804C00766000,51.6,81.0,bull,16.6,2026-08-04 11:09:21,28.0,False,4.0,6.0,3.0,SPY,2.0,True,16.0,0.85
CALL,0.86,2026-08-04 11:34:21,1.35,2026-08-04 11:44:44,SPY260804C00768000,57.0,49.0,bull,15.5,2026-08-04 11:34:10,25.0,False,3.0,3.0,5.0,SPY,2.0,True,16.2,0.85
CALL,1.75,2026-08-04 11:51:52,2.6,2026-08-04 12:45:42,SPY260804C00768000,48.6,85.0,bull,16.8,2026-08-04 11:51:40,28.0,False,4.0,6.0,4.0,SPY,2.0,True,16.2,0.85
CALL,0.76,2026-08-04 12:55:00,1.16,2026-08-04 13:04:47,SPY260804C00771000,52.6,40.0,bull,16.0,2026-08-04 12:54:49,28.0,False,4.0,4.0,4.0,SPY,2.0,True,16.2,0.85
CALL,1.32,2026-08-04 13:12:53,2.05,2026-08-04 13:45:28,SPY260804C00771000,55.3,73.0,bull,16.8,2026-08-04 13:12:42,28.0,False,4.0,6.0,4.0,SPY,2.0,True,16.3,0.85
CALL,1.07,2026-08-04 13:51:47,0.78,2026-08-04 14:40:35,SPY260804C00772000,-27.1,-29.0,bull,15.7,2026-08-04 13:51:34,28.0,False,3.0,4.0,4.0,SPY,2.0,True,16.5,0.85
CALL,0.22,2026-08-05 09:31:44,0.15,2026-08-05 09:33:31,SPY260805C00792000,-31.8,-21.0,bull,14.9,2026-08-05 09:31:28,40.0,False,4.0,5.0,6.0,SPY,1.0,True,16.9,0.85
CALL,2.72,2026-08-05 09:42:25,2.15,2026-08-05 09:46:05,SPY260805C00776000,-21.0,-57.0,bull,14.6,2026-08-05 09:42:12,40.0,False,5.0,4.0,5.0,SPY,1.0,True,17.0,0.85
CALL,0.91,2026-08-05 10:20:47,0.72,2026-08-05 10:21:42,NVDA260805C00222500,-20.9,-19.0,bull,15.7,2026-08-05 10:20:36,28.0,False,5.0,8.0,3.0,NVDA,0.0,True,17.2,0.85
CALL,0.79,2026-08-05 13:34:08,0.62,2026-08-05 13:38:44,AAPL260805C00310000,-21.5,-17.0,bull,17.0,2026-08-05 13:34:02,28.0,True,2.0,2.0,2.0,AAPL,0.0,True,15.9,0.85
CALL,0.3,2026-08-05 13:41:18,0.2,2026-08-05 13:45:16,SPY260805C00774000,-33.3,-20.0,bull,14.6,2026-08-05 13:41:05,28.0,False,2.0,6.0,2.0,SPY,1.0,True,15.9,0.85
CALL,0.21,2026-08-05 15:26:28,0.13,2026-08-05 15:30:05,NVDA260805C00222500,-38.1,-24.0,bull,14.6,2026-08-05 15:26:19,40.0,False,5.0,4.0,5.0,NVDA,0.0,True,15.5,0.85
CALL,0.42,2026-08-05 15:33:32,0.29,2026-08-05 15:36:37,AAPL260805C00310000,-31.0,-26.0,bull,17.2,2026-08-05 15:33:26,40.0,True,2.0,2.0,3.0,AAPL,0.0,True,15.5,0.85
CALL,1.49,2026-08-06 10:00:32,1.16,2026-08-06 10:08:26,AAPL260807C00317500,-22.1,-33.0,bull,15.7,2026-08-06 10:00:21,25.0,True,6.0,4.0,4.0,AAPL,0.0,False,15.8,0.85
CALL,0.45,2026-08-06 10:52:33,0.33,2026-08-06 11:13:42,AAPL260807C00320000,-26.7,-12.0,bull,14.2,2026-08-06 10:52:27,25.0,True,3.0,4.0,2.0,AAPL,0.0,False,15.6,0.85
CALL,1.29,2026-08-06 15:17:10,1.87,2026-08-06 15:31:58,MSFT260807C00505000,45.0,58.0,bull,19.2,2026-08-06 15:17:04,25.0,True,5.0,3.0,5.0,MSFT,0.0,True,15.2,0.85
CALL,1.85,2026-08-06 15:38:02,1.43,2026-08-06 15:47:03,MSFT260807C00505000,-22.7,-42.0,bull,19.4,2026-08-06 15:37:53,25.0,True,5.0,3.0,6.0,MSFT,0.0,True,15.2,0.85
CALL,2.17,2026-08-06 15:55:34,1.71,2026-08-07 09:30:14,MSFT260807C00505000,-21.2,-46.0,bull,19.6,2026-08-06 15:55:26,25.0,True,5.0,4.0,5.0,MSFT,0.0,True,15.3,0.85
CALL,0.79,2026-08-07 10:24:10,1.02,2026-08-07 10:27:54,TSLA260807C00330000,29.1,23.0,bull,18.8,2026-08-07 10:23:58,25.0,True,4.0,6.0,4.0,TSLA,0.0,True,15.0,1.0
CALL,2.56,2026-08-10 10:29:46,2.82,2026-08-10 10:37:00,MSFT260810C00510000,10.2,26.0,bull,17.2,2026-08-10 10:29:38,28.0,False,9.0,7.0,5.0,MSFT,0.0,True,15.2,0.85
CALL,2.95,2026-08-10 10:22:34,3.2,2026-08-10 10:38:31,META260810C00602500,8.5,25.0,bull,19.4,2026-08-10 10:22:25,25.0,True,6.0,5.0,5.0,META,0.0,True,15.2,0.85
CALL,2.81,2026-08-10 11:01:14,2.01,2026-08-10 11:10:09,META260810C00602500,-28.5,-80.0,bull,17.8,2026-08-10 11:01:05,25.0,True,3.0,3.0,2.0,META,0.0,True,15.2,0.85
CALL,1.83,2026-08-10 11:08:19,1.96,2026-08-10 11:32:17,AMZN260810C00277500,7.1,13.0,bull,14.0,2026-08-10 11:08:12,40.0,False,5.0,5.0,5.0,AMZN,0.0,True,15.2,0.85
CALL,2.85,2026-08-11 11:08:21,4.0,2026-08-11 11:26:56,META260812C00615000,40.4,115.0,bull,19.3,2026-08-11 11:08:12,25.0,True,3.0,5.0,5.0,META,0.0,True,15.2,0.85
